City_ID,City,Country,Lat,Lng,Max Temp,Humidity,Cloudiness,Wind Speed,Description,Date
0,Castro,BR,-24.7911,-50.0119,64.22,96,100,4.72,light rain,2021-01-24 23:38:52
1,Chuy,UY,-33.6971,-53.4616,71.15,92,0,7.27,clear sky,2021-01-24 23:35:53
2,Payson,US,40.0444,-111.7321,36.0,75,90,9.22,overcast clouds,2021-01-24 23:36:04
3,Albany,US,42.6001,-73.9662,19.0,46,43,4.0,scattered clouds,2021-01-24 23:35:57
4,Hilo,US,19.7297,-155.09,78.8,65,40,6.91,moderate rain,2021-01-24 23:35:44
5,Saint-Joseph,RE,-21.3667,55.6167,78.8,73,0,3.44,moderate rain,2021-01-24 23:38:53
6,Geraldton,AU,-28.7667,114.6,70.7,65,74,13.89,broken clouds,2021-01-24 23:38:53
7,Visby,SE,57.6409,18.296,35.6,93,90,14.97,light snow,2021-01-24 23:38:53
8,Puerto Ayora,EC,-0.7393,-90.3518,84.2,65,20,13.8,light rain,2021-01-24 23:38:53
9,Mar Del Plata,AR,-38.0023,-57.5575,75.99,88,0,16.11,clear sky,2021-01-24 23:38:48
10,Padang,ID,-0.9492,100.3543,73.4,88,40,5.75,scattered clouds,2021-01-24 23:38:54
11,Mataura,NZ,-46.1927,168.8643,60.01,84,100,21.0,overcast clouds,2021-01-24 23:38:54
12,Ambulu,ID,-8.345,113.6058,78.58,75,76,2.93,broken clouds,2021-01-24 23:38:54
13,Ios,GR,36.7333,25.2833,61.0,67,100,17.27,overcast clouds,2021-01-24 23:38:54
14,Asau,RO,46.4333,26.4,34.0,66,70,2.95,broken clouds,2021-01-24 23:36:59
15,Saskylakh,RU,71.9167,114.0833,-39.26,78,2,6.49,clear sky,2021-01-24 23:38:54
16,Carnarvon,AU,-24.8667,113.6333,73.4,73,90,14.97,overcast clouds,2021-01-24 23:36:23
17,Rikitea,PF,-23.1203,-134.9692,80.31,68,2,10.38,clear sky,2021-01-24 23:35:36
18,Ushuaia,AR,-54.8,-68.3,48.2,81,90,25.32,light rain,2021-01-24 23:38:55
19,Pangai,TO,-19.8,-174.35,75.2,100,90,4.61,heavy intensity rain,2021-01-24 23:38:55
20,Barrow,US,71.2906,-156.7887,-5.8,77,1,11.5,clear sky,2021-01-24 23:35:35
21,Livingston,GB,55.9029,-3.5226,32.0,93,0,9.22,clear sky,2021-01-24 23:38:55
22,Sao Sebastiao,BR,-23.76,-45.4097,74.53,84,96,4.27,overcast clouds,2021-01-24 23:34:10
23,Bredasdorp,ZA,-34.5322,20.0403,66.2,68,46,11.5,scattered clouds,2021-01-24 23:34:09
24,Katsuura,JP,35.1333,140.3,46.99,76,20,16.11,few clouds,2021-01-24 23:38:56
25,Yeniseysk,RU,58.4497,92.1703,-38.38,80,98,4.85,overcast clouds,2021-01-24 23:38:56
26,Punta Arenas,CL,-53.15,-70.9167,51.8,50,0,24.16,clear sky,2021-01-24 23:38:56
27,Mirandola,IT,44.8868,11.0662,36.0,81,8,5.79,clear sky,2021-01-24 23:38:56
28,Osecina,RS,44.3731,19.6014,41.0,81,90,8.05,light rain,2021-01-24 23:38:56
29,Tuktoyaktuk,CA,69.4541,-133.0374,-5.8,77,90,11.5,light snow,2021-01-24 23:38:56
30,Torbay,CA,47.6666,-52.7314,27.0,80,20,16.11,few clouds,2021-01-24 23:38:57
31,Egvekinot,RU,66.3167,-179.1667,-2.9,86,0,8.5,clear sky,2021-01-24 23:36:56
32,Harbour Breton,CA,47.4833,-55.7983,31.19,92,89,16.78,overcast clouds,2021-01-24 23:38:57
33,Cape Town,ZA,-33.9258,18.4232,64.99,63,0,4.61,clear sky,2021-01-24 23:37:13
34,Thompson,CA,55.7435,-97.8558,-9.4,70,90,11.5,snow,2021-01-24 23:38:57
35,Hermosillo,MX,29.0667,-110.9667,63.0,51,75,5.75,broken clouds,2021-01-24 23:36:51
36,Jamestown,US,42.097,-79.2353,23.0,79,90,4.61,overcast clouds,2021-01-24 23:37:16
37,Kapaa,US,22.0752,-159.319,78.8,73,20,14.97,moderate rain,2021-01-24 23:38:58
38,Hermanus,ZA,-34.4187,19.2345,64.99,75,21,5.01,few clouds,2021-01-24 23:35:42
39,Busselton,AU,-33.65,115.3333,63.0,87,0,4.85,clear sky,2021-01-24 23:38:58
40,Cairo,EG,30.0626,31.2497,55.4,71,40,5.75,scattered clouds,2021-01-24 23:38:58
41,Aklavik,CA,68.2191,-135.0107,-14.8,76,90,4.61,light snow,2021-01-24 23:37:15
42,Yellowknife,CA,62.456,-114.3525,-14.01,76,75,10.36,broken clouds,2021-01-24 23:38:58
43,Avarua,CK,-21.2078,-159.775,86.0,66,87,12.66,overcast clouds,2021-01-24 23:35:40
44,Safaga,EG,26.7292,33.9365,57.2,54,0,11.5,clear sky,2021-01-24 23:38:59
45,Kirakira,SB,-10.4544,161.9205,85.71,67,100,10.16,overcast clouds,2021-01-24 23:38:59
46,Cidreira,BR,-30.1811,-50.2056,75.81,88,3,16.51,clear sky,2021-01-24 23:38:59
47,Ankpa,NG,7.3706,7.6253,73.78,21,82,2.68,broken clouds,2021-01-24 23:38:59
48,Mubi,NG,10.2676,13.2644,66.11,27,39,1.97,scattered clouds,2021-01-24 23:38:59
49,Caravelas,BR,-17.7125,-39.2481,77.65,79,99,7.09,overcast clouds,2021-01-24 23:37:02
50,Ludvika,SE,60.1496,15.1878,28.99,93,40,5.75,scattered clouds,2021-01-24 23:39:00
51,Westport,US,41.1415,-73.3579,30.0,34,1,8.05,clear sky,2021-01-24 23:39:00
52,Acapulco,MX,16.8634,-99.8901,84.2,70,75,8.05,broken clouds,2021-01-24 23:38:20
53,Hobart,AU,-42.8794,147.3294,90.0,27,0,10.36,clear sky,2021-01-24 23:36:18
54,Okhotsk,RU,59.3833,143.3,-23.51,76,3,18.75,clear sky,2021-01-24 23:39:00
55,Victoria,HK,22.2855,114.1577,64.0,76,82,15.82,broken clouds,2021-01-24 23:37:10
56,Aljezur,PT,37.3191,-8.8033,57.99,100,100,1.99,overcast clouds,2021-01-24 23:36:36
57,Sao Joao Do Paraiso,BR,-15.3136,-42.0144,65.41,89,63,5.99,broken clouds,2021-01-24 23:39:01
58,Guanay,BO,-15.4975,-67.8797,72.86,81,99,0.63,overcast clouds,2021-01-24 23:39:01
59,Souillac,MU,-20.5167,57.5167,77.0,88,40,3.44,light rain,2021-01-24 23:39:01
60,Port Elizabeth,ZA,-33.918,25.5701,64.4,88,90,8.05,overcast clouds,2021-01-24 23:39:01
61,Tonstad,NO,58.6626,6.7169,26.6,80,0,6.44,clear sky,2021-01-24 23:39:01
62,Meadow Lake,US,34.8014,-106.5436,46.99,65,90,19.57,overcast clouds,2021-01-24 23:39:01
63,Margate,GB,51.3813,1.3862,37.99,81,95,8.01,overcast clouds,2021-01-24 23:39:02
64,Harare,ZW,-17.8294,31.0539,64.0,92,100,5.99,light rain,2021-01-24 23:39:02
65,Atuona,PF,-9.8,-139.0333,78.39,78,10,14.12,clear sky,2021-01-24 23:39:02
66,Sisimiut,GL,66.9395,-53.6735,14.67,88,43,4.41,scattered clouds,2021-01-24 23:36:24
67,Mont-Dore,NC,-22.2833,166.5833,81.0,99,78,15.57,broken clouds,2021-01-24 23:39:02
68,Mayo,US,38.8876,-76.5119,35.6,41,90,3.44,light snow,2021-01-24 23:39:03
69,Graaff-Reinet,ZA,-32.2522,24.5308,60.01,83,46,5.01,scattered clouds,2021-01-24 23:39:03
70,Sola,VU,-13.8833,167.55,86.0,84,90,15.79,light rain,2021-01-24 23:36:50
71,Buraydah,SA,26.326,43.975,50.0,46,0,5.75,clear sky,2021-01-24 23:36:56
72,Qeshm,IR,26.9581,56.2719,57.2,32,0,4.61,clear sky,2021-01-24 23:39:03
73,Uberlandia,BR,-18.9186,-48.2772,77.0,53,0,4.61,clear sky,2021-01-24 23:39:04
74,Georgetown,MY,5.4112,100.3354,78.8,89,20,3.44,few clouds,2021-01-24 23:39:04
75,Kodiak,US,57.79,-152.4072,39.2,41,1,19.57,clear sky,2021-01-24 23:39:04
76,Ostrovnoy,RU,68.0531,39.5131,13.71,95,97,9.91,overcast clouds,2021-01-24 23:37:15
77,Sao Joao Da Barra,BR,-21.6403,-41.0511,75.87,86,11,10.78,few clouds,2021-01-24 23:37:10
78,Rudbar,AF,30.15,62.6,37.22,56,0,0.92,clear sky,2021-01-24 23:39:04
79,Dingle,PH,10.9995,122.6711,78.51,88,3,7.9,light rain,2021-01-24 23:39:04
80,Mahbubnagar,IN,16.7333,77.9833,64.78,61,34,2.95,scattered clouds,2021-01-24 23:39:05
81,Bilibino,RU,68.0546,166.4372,-29.45,82,98,1.43,overcast clouds,2021-01-24 23:39:05
82,Upernavik,GL,72.7868,-56.1549,13.53,93,31,13.98,scattered clouds,2021-01-24 23:39:05
83,Sinnamary,GF,5.3833,-52.95,76.73,79,55,10.04,broken clouds,2021-01-24 23:39:05
84,Te Anau,NZ,-45.4167,167.7167,62.47,69,100,8.5,overcast clouds,2021-01-24 23:39:05
85,Khatanga,RU,71.9667,102.5,-18.24,88,99,9.33,overcast clouds,2021-01-24 23:39:06
86,Bluff,NZ,-46.6,168.3333,60.01,84,99,21.0,overcast clouds,2021-01-24 23:39:06
87,Vardo,NO,70.3705,31.1107,21.2,73,75,16.11,light snow,2021-01-24 23:39:06
88,Saint Anthony,US,45.0205,-93.218,26.6,53,1,6.91,clear sky,2021-01-24 23:39:06
89,Gambela,ET,8.25,34.5833,77.04,44,32,2.08,scattered clouds,2021-01-24 23:39:06
90,Gavle,SE,60.6745,17.1417,28.99,89,100,4.0,overcast clouds,2021-01-24 23:39:06
91,Boden,SE,65.8252,21.6886,8.6,85,90,5.75,overcast clouds,2021-01-24 23:39:06
92,Anadyr,RU,64.75,177.4833,-13.0,77,0,4.47,clear sky,2021-01-24 23:36:40
93,Zenzeli,RU,45.9241,47.0474,32.13,96,10,12.55,clear sky,2021-01-24 23:39:07
94,East London,ZA,-33.0153,27.9116,67.86,70,99,12.35,overcast clouds,2021-01-24 23:39:07
95,Saint-Pierre,RE,-21.3393,55.4781,78.8,73,0,3.44,moderate rain,2021-01-24 23:35:49
96,Olinda,BR,-8.0089,-34.8553,78.8,69,40,12.66,scattered clouds,2021-01-24 23:36:06
97,San Anselmo,US,37.9747,-122.5616,48.99,93,40,6.91,moderate rain,2021-01-24 23:39:07
98,Arraial Do Cabo,BR,-22.9661,-42.0278,76.15,85,78,18.45,broken clouds,2021-01-24 23:39:08
99,Dukat,RU,62.55,155.55,-38.76,80,89,4.54,overcast clouds,2021-01-24 23:39:08
100,Butaritari,KI,3.0707,172.7902,79.21,76,52,10.51,broken clouds,2021-01-24 23:39:08
101,Veraval,IN,20.9,70.3667,65.5,27,0,12.59,clear sky,2021-01-24 23:36:26
102,La Ronge,CA,55.1001,-105.2842,-20.2,76,24,1.14,few clouds,2021-01-24 23:39:08
103,Upata,VE,8.0086,-62.3989,80.01,80,99,4.0,overcast clouds,2021-01-24 23:35:08
104,Tommot,RU,58.9564,126.2925,-40.02,75,1,0.83,clear sky,2021-01-24 23:39:08
105,Husavik,IS,66.0449,-17.3389,23.0,93,90,2.3,light snow,2021-01-24 23:39:08
106,Saint George,US,37.1041,-113.5841,53.01,43,1,4.61,clear sky,2021-01-24 23:34:47
107,Mitsamiouli,KM,-11.3847,43.2844,80.92,72,85,6.78,overcast clouds,2021-01-24 23:39:09
108,Ribeira Grande,PT,38.5167,-28.7,64.08,91,91,26.31,overcast clouds,2021-01-24 23:39:09
109,Faanui,PF,-16.4833,-151.75,81.86,71,0,12.35,clear sky,2021-01-24 23:39:09
110,Dikson,RU,73.5069,80.5464,-15.41,89,100,12.17,overcast clouds,2021-01-24 23:39:09
111,Airai,TL,-8.9266,125.4092,64.89,100,98,1.97,overcast clouds,2021-01-24 23:39:09
112,Ketchikan,US,55.3422,-131.6461,37.4,93,75,4.61,broken clouds,2021-01-24 23:35:18
113,Umm Kaddadah,SD,13.6017,26.6876,67.21,25,11,15.95,few clouds,2021-01-24 23:39:09
114,Kaitangata,NZ,-46.2817,169.8464,64.99,63,100,14.0,overcast clouds,2021-01-24 23:39:10
115,Derzhavinsk,KZ,51.1,66.3167,8.98,94,100,19.13,light snow,2021-01-24 23:39:10
116,Seymchan,RU,62.8833,152.4333,-30.24,81,100,1.01,overcast clouds,2021-01-24 23:39:10
117,Vila Velha,BR,-20.3297,-40.2925,77.0,78,20,3.44,few clouds,2021-01-24 23:39:10
118,Camana,PE,-16.6228,-72.7111,71.58,73,74,5.03,broken clouds,2021-01-24 23:39:10
119,Isangel,VU,-19.55,169.2667,78.8,89,90,14.88,moderate rain,2021-01-24 23:36:59
120,Mahebourg,MU,-20.4081,57.7,77.0,88,40,3.44,moderate rain,2021-01-24 23:39:10
121,Longyearbyen,SJ,78.2186,15.6401,15.8,62,0,14.97,clear sky,2021-01-24 23:39:11
122,Nuuk,GL,64.1835,-51.7216,19.4,68,20,11.5,few clouds,2021-01-24 23:39:11
123,Port Augusta,AU,-32.5,137.7667,91.0,31,95,13.8,overcast clouds,2021-01-24 23:39:11
124,Cabo San Lucas,MX,22.8909,-109.9124,70.0,52,1,9.22,clear sky,2021-01-24 23:35:43
125,Bonthe,SL,7.5264,-12.505,76.57,82,0,6.6,clear sky,2021-01-24 23:39:11
126,Uncia,BO,-18.467,-66.5685,50.94,68,95,6.58,overcast clouds,2021-01-24 23:39:11
127,Vila Do Maio,CV,15.1333,-23.2167,69.8,83,0,17.27,clear sky,2021-01-24 23:39:12
128,Bathsheba,BB,13.2167,-59.5167,78.8,73,40,16.11,scattered clouds,2021-01-24 23:36:47
129,Adrar,MR,20.5022,-10.0711,65.93,20,95,8.39,overcast clouds,2021-01-24 23:39:12
130,Tuatapere,NZ,-46.1333,167.6833,60.01,84,91,21.0,overcast clouds,2021-01-24 23:36:39
131,Nikolskoye,RU,59.7035,30.7861,34.0,93,75,11.18,light rain,2021-01-24 23:39:12
132,Lagoa,PT,39.05,-27.9833,62.28,94,98,18.3,overcast clouds,2021-01-24 23:39:12
133,Bengkulu,ID,-3.8004,102.2655,77.7,79,95,4.21,overcast clouds,2021-01-24 23:39:12
134,Vaini,TO,-21.2,-175.2,82.4,78,75,8.05,light rain,2021-01-24 23:39:13
135,Luderitz,NA,-26.6481,15.1594,67.64,59,99,25.39,overcast clouds,2021-01-24 23:39:13
136,Klaksvik,FO,62.2266,-6.589,33.8,86,20,23.02,light snow,2021-01-24 23:39:13
137,Coquimbo,CL,-29.9533,-71.3436,68.0,68,20,11.5,few clouds,2021-01-24 23:37:17
138,Urcos,PE,-13.6861,-71.6228,53.6,82,75,4.61,light intensity drizzle,2021-01-24 23:39:13
139,Abu Zabad,SD,12.35,29.25,68.56,24,28,13.78,scattered clouds,2021-01-24 23:39:14
140,Esperance,AU,-33.8667,121.9,66.2,82,40,11.5,scattered clouds,2021-01-24 23:39:14
141,Mackay,AU,-21.15,149.2,82.0,74,14,13.8,few clouds,2021-01-24 23:39:14
142,Belmonte,BR,-15.8631,-38.8828,77.0,78,0,4.61,light rain,2021-01-24 23:36:54
143,Mount Gambier,AU,-37.8333,140.7667,77.0,44,97,12.66,overcast clouds,2021-01-24 23:39:14
144,Santa Cruz,BO,-17.8,-63.1667,80.6,69,40,16.11,scattered clouds,2021-01-24 23:36:47
145,Tainan,TW,22.9908,120.2133,64.0,88,40,11.5,mist,2021-01-24 23:39:14
146,Lesosibirsk,RU,58.2358,92.4828,-36.02,81,99,5.57,overcast clouds,2021-01-24 23:39:15
147,Luanda,AO,-8.8368,13.2343,78.8,78,20,6.91,few clouds,2021-01-24 23:39:15
148,Namibe,AO,-15.1961,12.1522,75.13,75,99,5.01,overcast clouds,2021-01-24 23:39:15
149,Dunedin,NZ,-45.8742,170.5036,64.99,64,80,5.99,broken clouds,2021-01-24 23:32:00
150,Port Alfred,ZA,-33.5906,26.891,64.0,92,80,13.58,broken clouds,2021-01-24 23:35:41
151,Labuhan,ID,-6.8844,112.2051,77.32,89,100,8.86,moderate rain,2021-01-24 23:39:15
152,Boromo,BF,11.75,-2.9333,70.66,19,0,6.89,clear sky,2021-01-24 23:39:15
153,Provideniya,RU,64.3833,-173.3,6.8,66,40,8.95,scattered clouds,2021-01-24 23:39:15
154,Gizo,SB,-8.103,156.8419,83.8,65,56,7.34,broken clouds,2021-01-24 23:37:06
155,Ales,FR,44.1333,4.0833,44.01,73,73,3.22,broken clouds,2021-01-24 23:39:16
156,Bibiani,GH,6.4635,-2.3194,68.04,74,0,1.1,clear sky,2021-01-24 23:39:16
157,Alofi,NU,-19.0595,-169.9187,84.2,74,75,5.75,light rain,2021-01-24 23:39:16
158,Pisco,PE,-13.7,-76.2167,75.2,69,0,19.57,clear sky,2021-01-24 23:39:16
159,Hamilton,US,39.1834,-84.5333,34.0,86,90,2.8,light rain,2021-01-24 23:39:16
160,Chokurdakh,RU,70.6333,147.9167,-31.52,82,100,12.48,overcast clouds,2021-01-24 23:39:16
161,Moissala,TD,8.3404,17.7663,74.44,21,35,4.63,scattered clouds,2021-01-24 23:39:17
162,Chicama,PE,-7.8447,-79.1469,74.44,67,83,5.06,broken clouds,2021-01-24 23:39:17
163,Clyde River,CA,70.4692,-68.5914,10.4,100,40,21.85,scattered clouds,2021-01-24 23:39:17
164,Mariental,NA,-24.6333,17.9667,83.37,33,88,13.6,overcast clouds,2021-01-24 23:39:17
165,Pimentel,PE,-6.8367,-79.9342,75.2,73,0,16.11,clear sky,2021-01-24 23:39:18
166,Edd,ER,13.9297,41.6925,75.72,42,96,16.22,overcast clouds,2021-01-24 23:39:18
167,Ponta Do Sol,PT,32.6667,-17.1,59.0,71,1,1.99,clear sky,2021-01-24 23:39:18
168,Xiamen,CN,24.4798,118.0819,55.4,82,50,4.47,scattered clouds,2021-01-24 23:39:18
169,Vuktyl,RU,63.8567,57.3094,-4.56,92,100,9.64,light snow,2021-01-24 23:39:18
170,Redmond,US,47.674,-122.1215,41.0,93,100,5.93,light rain,2021-01-24 23:37:28
171,Tasiilaq,GL,65.6145,-37.6368,14.0,62,75,23.02,broken clouds,2021-01-24 23:39:19
172,Krasnoselkup,RU,65.7,82.4667,-43.44,75,0,0.96,clear sky,2021-01-24 23:39:19
173,Marsabit,KE,2.3284,37.9899,67.32,74,0,7.61,clear sky,2021-01-24 23:39:19
174,Narsaq,GL,60.9167,-46.05,28.4,29,0,31.07,clear sky,2021-01-24 23:36:54
175,Leningradskiy,RU,69.3833,178.4167,-16.56,85,0,2.21,clear sky,2021-01-24 23:37:05
176,Sayyan,YE,15.1718,44.3244,43.48,56,78,2.1,broken clouds,2021-01-24 23:37:10
177,Trairi,BR,-3.2778,-39.2689,80.02,80,99,10.31,overcast clouds,2021-01-24 23:39:20
178,Vitim,RU,59.4511,112.5578,-28.8,82,30,3.18,scattered clouds,2021-01-24 23:39:20
179,Los Llanos De Aridane,ES,28.6585,-17.9182,64.4,82,75,5.75,broken clouds,2021-01-24 23:39:20
180,Dickinson,US,29.4608,-95.0513,72.0,83,90,12.66,overcast clouds,2021-01-24 23:36:48
181,Guerrero Negro,MX,27.9769,-114.0611,60.62,56,5,19.62,clear sky,2021-01-24 23:36:25
182,Lipari,IT,38.4674,14.954,55.99,68,39,33.67,scattered clouds,2021-01-24 23:39:20
183,Mountain Home,US,43.133,-115.6912,39.2,48,1,12.66,clear sky,2021-01-24 23:38:48
184,Belaya Gora,RU,68.5333,146.4167,-34.74,80,99,2.66,overcast clouds,2021-01-24 23:39:21
185,Port Macquarie,AU,-31.4333,152.9167,84.99,50,24,1.99,few clouds,2021-01-24 23:39:21
186,Tiksi,RU,71.6872,128.8694,-45.69,78,44,8.57,scattered clouds,2021-01-24 23:39:21
187,Naivasha,KE,-0.7167,36.4359,57.0,83,87,8.99,overcast clouds,2021-01-24 23:39:21
188,San Quintin,MX,30.4833,-115.95,57.33,60,14,14.43,few clouds,2021-01-24 23:39:21
189,Kaya,BF,13.0917,-1.0844,69.13,20,26,10.07,scattered clouds,2021-01-24 23:39:22
190,Hanstholm,DK,57.1167,8.6167,35.01,64,100,12.57,overcast clouds,2021-01-24 23:39:22
191,Poum,NC,-20.2333,164.0167,81.09,78,93,16.93,overcast clouds,2021-01-24 23:39:22
192,Kangaatsiaq,GL,68.3065,-53.4641,10.02,84,0,4.63,clear sky,2021-01-24 23:39:22
193,Hobyo,SO,5.3505,48.5268,77.31,65,91,21.07,overcast clouds,2021-01-24 23:39:22
194,Broome,US,42.2506,-75.833,19.0,67,1,5.75,clear sky,2021-01-24 23:36:52
195,Beloha,MG,-25.1667,45.05,75.83,88,28,9.57,scattered clouds,2021-01-24 23:39:23
196,Tocopilla,CL,-22.092,-70.1979,69.85,62,8,8.66,clear sky,2021-01-24 23:36:34
197,Ahvaz,IR,31.3203,48.6693,48.2,53,0,2.3,clear sky,2021-01-24 23:36:44
198,Pevek,RU,69.7008,170.3133,-18.62,88,99,7.7,overcast clouds,2021-01-24 23:39:23
199,Jiazi,CN,22.8779,116.067,59.13,77,98,14.07,overcast clouds,2021-01-24 23:39:24
200,Chepareria,KE,1.3077,35.2039,60.71,65,47,4.63,scattered clouds,2021-01-24 23:39:24
201,New Norfolk,AU,-42.7826,147.0587,90.0,22,56,1.99,broken clouds,2021-01-24 23:36:14
202,Grand-Lahou,CI,5.1367,-5.0242,78.89,88,0,10.29,clear sky,2021-01-24 23:39:24
203,Batagay-Alyta,RU,67.8006,130.4114,-35.52,76,89,0.67,overcast clouds,2021-01-24 23:39:24
204,Shwebo,MM,22.5667,95.7,59.0,75,0,2.89,clear sky,2021-01-24 23:39:24
205,Kasempa,ZM,-13.4584,25.8338,63.36,95,100,6.87,light rain,2021-01-24 23:39:25
206,Bolobo,CD,-2.1667,16.2333,73.31,87,100,1.68,light rain,2021-01-24 23:39:25
207,Yuanping,CN,38.7153,112.7575,27.68,96,100,1.3,overcast clouds,2021-01-24 23:39:25
208,Cherskiy,RU,68.75,161.3,-25.46,86,100,6.62,overcast clouds,2021-01-24 23:36:49
209,Gogrial,SS,8.5332,28.1004,71.6,25,76,4.88,broken clouds,2021-01-24 23:35:26
210,Moron,AR,-34.6534,-58.6198,86.0,53,0,7.0,clear sky,2021-01-24 23:36:28
211,Ayagoz,KZ,47.9714,80.4392,-16.87,87,0,4.61,clear sky,2021-01-24 23:36:06
212,Horasan,TR,40.0458,42.1728,9.41,78,84,1.19,broken clouds,2021-01-24 23:39:26
213,Rio Claro,BR,-22.4114,-47.5614,77.0,73,0,6.91,moderate rain,2021-01-24 23:39:26
214,Merauke,ID,-8.4667,140.3333,82.67,77,88,14.65,overcast clouds,2021-01-24 23:37:05
215,Kahului,US,20.8947,-156.47,87.8,42,20,10.36,few clouds,2021-01-24 23:37:12
216,Shache,CN,38.4167,77.2406,18.46,78,0,3.15,clear sky,2021-01-24 23:39:27
217,Atbasar,KZ,51.8,68.3333,6.85,94,100,14.12,light snow,2021-01-24 23:36:09
218,Tual,ID,-5.6667,132.75,84.25,76,83,12.21,broken clouds,2021-01-24 23:39:27
219,Dvinskoy,RU,62.1535,45.1175,34.2,96,100,6.06,overcast clouds,2021-01-24 23:39:27
220,Nacogdoches,US,31.6002,-94.6335,69.01,100,90,9.22,mist,2021-01-24 23:39:28
221,Naron,ES,43.5167,-8.1528,52.0,100,75,6.91,light rain,2021-01-24 23:36:23
222,Puerto Narino,CO,-3.7703,-70.3831,84.2,79,20,0.76,few clouds,2021-01-24 23:39:28
223,Laguna,US,38.421,-121.4238,52.0,66,75,6.91,broken clouds,2021-01-24 23:33:08
224,Nouadhibou,MR,20.931,-17.0347,68.0,64,0,13.8,clear sky,2021-01-24 23:39:28
225,Jalu,LY,29.0331,21.5482,54.72,37,11,11.54,few clouds,2021-01-24 23:35:38
226,Deputatskiy,RU,69.3,139.9,-37.48,82,98,4.61,overcast clouds,2021-01-24 23:39:29
227,Berlevag,NO,70.8578,29.0864,22.64,95,99,17.47,light snow,2021-01-24 23:39:29
228,Bandarbeyla,SO,9.4942,50.8122,73.81,75,99,19.82,light rain,2021-01-24 23:36:50
229,Zahirabad,IN,17.6833,77.6167,65.28,59,72,2.75,broken clouds,2021-01-24 23:39:29
230,Saldanha,ZA,-33.0117,17.9442,60.8,67,0,9.22,clear sky,2021-01-24 23:35:50
231,Ridgecrest,US,35.6225,-117.6709,55.4,30,1,12.66,clear sky,2021-01-24 23:35:07
232,Kurilsk,RU,45.2333,147.8833,20.14,92,99,16.87,overcast clouds,2021-01-24 23:39:30
233,Tilichiki,RU,60.4667,166.1,-7.83,91,100,14.56,overcast clouds,2021-01-24 23:39:30
234,Xichang,CN,27.8964,102.2634,46.31,68,46,0.69,scattered clouds,2021-01-24 23:36:50
235,Kavaratti,IN,10.5669,72.642,80.94,77,8,12.06,clear sky,2021-01-24 23:35:34
236,Cuiluan,CN,47.72,128.648,-5.13,82,11,2.64,few clouds,2021-01-24 23:39:30
237,Namatanai,PG,-3.6667,152.4333,84.49,68,23,3.91,light rain,2021-01-24 23:39:30
238,Appleton,US,44.2619,-88.4154,27.0,58,1,4.61,clear sky,2021-01-24 23:39:31
239,Ixtapa,MX,20.7,-105.2,73.99,78,20,12.66,few clouds,2021-01-24 23:39:31
240,Bereznehuvate,UA,47.3078,32.8499,45.23,93,100,11.56,overcast clouds,2021-01-24 23:39:31
241,Prainha,BR,-1.8,-53.48,75.04,95,95,2.59,light rain,2021-01-24 23:39:31
242,Lata,PT,40.1629,-8.3327,57.99,94,96,3.0,overcast clouds,2021-01-24 23:39:31
243,Tarko-Sale,RU,64.9225,77.785,-44.45,76,2,3.31,clear sky,2021-01-24 23:39:31
244,Mardin,TR,37.3131,40.7436,32.07,83,79,5.57,broken clouds,2021-01-24 23:39:32
245,Lorengau,PG,-2.0226,147.2712,85.1,63,100,3.89,overcast clouds,2021-01-24 23:36:57
246,Cockburn Town,TC,21.4612,-71.1419,77.0,69,75,10.36,broken clouds,2021-01-24 23:37:01
247,Srandakan,ID,-7.9386,110.2506,77.81,81,87,5.32,overcast clouds,2021-01-24 23:36:58
248,Ojinaga,MX,29.5667,-104.4167,82.4,13,1,13.8,clear sky,2021-01-24 23:37:01
249,Uruzgan,AF,32.8333,66.0,31.05,73,0,2.68,clear sky,2021-01-24 23:39:32
250,Tazovskiy,RU,67.4667,78.7,-40.4,78,13,3.53,few clouds,2021-01-24 23:39:33
251,Anan,JP,33.9167,134.65,46.4,71,75,6.91,broken clouds,2021-01-24 23:37:22
252,Akyab,MM,20.15,92.9,60.06,66,6,6.58,clear sky,2021-01-24 23:39:33
253,Prado,BR,-17.3411,-39.2208,76.87,84,99,7.45,overcast clouds,2021-01-24 23:39:33
254,Macas,EC,-2.3167,-78.1167,69.8,83,75,8.05,light rain,2021-01-24 23:39:33
255,Saint-Francois,FR,46.4154,3.9054,39.2,87,75,6.91,broken clouds,2021-01-24 23:39:34
256,Kruisfontein,ZA,-34.0033,24.7314,63.0,88,90,3.0,light rain,2021-01-24 23:39:34
257,Saint-Augustin,CA,51.226,-58.6502,33.94,89,89,16.69,overcast clouds,2021-01-24 23:39:34
258,Beringovskiy,RU,63.05,179.3167,-0.54,92,90,14.43,overcast clouds,2021-01-24 23:39:34
259,Kendari,ID,-3.945,122.4989,76.46,90,100,3.6,overcast clouds,2021-01-24 23:39:35
260,Tula,RU,54.2044,37.6111,34.75,88,100,12.86,light snow,2021-01-24 23:39:35
261,Rameshki,RU,57.3439,36.0453,35.47,99,100,11.63,overcast clouds,2021-01-24 23:39:35
262,Vestmannaeyjar,IS,63.4427,-20.2734,31.66,88,96,11.74,overcast clouds,2021-01-24 23:39:35
263,Santa Maria Da Vitoria,BR,-13.3947,-44.1886,73.78,68,29,9.78,scattered clouds,2021-01-24 23:39:35
264,Tromso,NO,69.6496,18.957,17.6,62,75,11.5,broken clouds,2021-01-24 23:39:35
265,Korla,CN,41.7597,86.1469,18.18,84,42,2.17,scattered clouds,2021-01-24 23:39:36
266,Winsford,GB,53.1833,-2.5167,30.0,90,59,4.47,broken clouds,2021-01-24 23:39:36
267,Broken Hill,AU,-31.95,141.4333,95.0,14,100,13.8,overcast clouds,2021-01-24 23:36:27
268,Brunico,IT,46.7958,11.9364,19.0,77,4,1.01,clear sky,2021-01-24 23:39:36
269,Bobo Dioulasso,BF,11.1771,-4.2979,71.6,33,0,6.91,clear sky,2021-01-24 23:39:36
270,West Richland,US,46.3043,-119.3614,36.0,75,90,3.44,light rain,2021-01-24 23:35:00
271,Wuxue,CN,29.8506,115.5525,47.41,90,100,0.81,light rain,2021-01-24 23:39:36
272,Lebu,CL,-37.6167,-73.65,56.79,73,0,18.07,clear sky,2021-01-24 23:39:37
273,Sur,OM,22.5667,59.5289,67.19,51,0,11.18,clear sky,2021-01-24 23:39:37
274,Alice Springs,AU,-23.7,133.8833,86.0,51,40,18.41,scattered clouds,2021-01-24 23:37:03
275,Mamou,GN,10.5,-12.0,65.28,26,0,2.3,clear sky,2021-01-24 23:39:37
276,Puerto Del Rosario,ES,28.5004,-13.8627,62.6,82,0,6.91,clear sky,2021-01-24 23:39:37
277,Hasaki,JP,35.7333,140.8333,43.0,93,20,9.22,few clouds,2021-01-24 23:39:13
278,Palu,ID,-0.8917,119.8707,78.4,75,100,1.48,overcast clouds,2021-01-24 23:39:38
279,Palmer,US,42.1584,-72.3287,21.99,42,20,10.36,few clouds,2021-01-24 23:36:29
280,Hithadhoo,MV,-0.6,73.0833,81.63,70,100,3.53,overcast clouds,2021-01-24 23:39:38
281,Aswan,EG,24.0934,32.907,54.27,39,0,9.69,clear sky,2021-01-24 23:39:38
282,North Bend,US,43.4065,-124.2243,45.0,81,90,13.8,overcast clouds,2021-01-24 23:39:38
283,Taoudenni,ML,22.6783,-3.9836,67.86,23,56,9.15,broken clouds,2021-01-24 23:36:46
284,Lavrentiya,RU,65.5833,-171.0,2.79,91,100,1.05,overcast clouds,2021-01-24 23:39:39
285,Walla Walla,US,46.0646,-118.343,35.01,75,75,4.61,fog,2021-01-24 23:39:39
286,Iquitos,PE,-3.7481,-73.2472,84.2,70,40,4.61,scattered clouds,2021-01-24 23:39:39
287,San Francisco,US,37.7749,-122.4194,51.8,71,90,11.5,moderate rain,2021-01-24 23:39:39
288,Timra,SE,62.487,17.3257,26.6,93,90,3.33,overcast clouds,2021-01-24 23:39:39
289,Memari,IN,23.2,88.1167,62.6,88,0,1.34,mist,2021-01-24 23:37:11
290,Vila Franca Do Campo,PT,37.7167,-25.4333,64.0,94,75,17.27,broken clouds,2021-01-24 23:36:32
291,Touros,BR,-5.1989,-35.4608,77.0,88,75,9.22,broken clouds,2021-01-24 23:39:40
292,Codrington,AU,-38.2667,141.9667,72.7,52,83,0.74,broken clouds,2021-01-24 23:37:05
293,San Patricio,US,28.017,-97.5169,77.0,83,90,21.85,overcast clouds,2021-01-24 23:39:40
294,Douai,FR,50.3333,3.1667,35.6,93,90,8.05,overcast clouds,2021-01-24 23:39:40
295,Sebinkarahisar,TR,40.2883,38.4236,18.0,83,77,3.42,broken clouds,2021-01-24 23:39:40
296,Severo-Kurilsk,RU,50.6789,156.125,18.63,95,100,19.39,light snow,2021-01-24 23:36:20
297,Dunmore East,IE,52.1514,-6.9861,32.0,88,6,5.99,clear sky,2021-01-24 23:39:41
298,Mocuba,MZ,-16.8392,36.9856,74.95,81,95,3.06,overcast clouds,2021-01-24 23:39:41
299,Kloulklubed,PW,7.0419,134.2556,82.4,69,75,9.22,broken clouds,2021-01-24 23:37:04
300,Naze,JP,28.3667,129.4833,66.2,77,75,13.8,broken clouds,2021-01-24 23:31:46
301,San Cristobal,VE,7.7669,-72.225,80.6,69,40,4.61,scattered clouds,2021-01-24 23:37:40
302,Lasa,IT,46.6166,10.7002,19.99,71,30,2.08,scattered clouds,2021-01-24 23:39:41
303,Sosnovka,RU,56.255,51.2842,34.0,96,100,8.99,overcast clouds,2021-01-24 23:39:42
304,Rocha,UY,-34.4833,-54.3333,69.03,94,0,6.33,clear sky,2021-01-24 23:39:42
305,Port Blair,IN,11.6667,92.75,73.18,70,34,8.95,scattered clouds,2021-01-24 23:39:42
306,Havre-Saint-Pierre,CA,50.2334,-63.5986,33.8,69,90,17.27,overcast clouds,2021-01-24 23:39:42
307,Concordia,AR,-31.393,-58.0209,93.2,38,40,9.22,scattered clouds,2021-01-24 23:39:42
308,Saint-Philippe,RE,-21.3585,55.7679,78.8,73,0,3.44,light rain,2021-01-24 23:39:43
309,Aljustrel,PT,37.8776,-8.1652,53.6,100,75,6.91,broken clouds,2021-01-24 23:39:43
310,Constitucion,CL,-35.3333,-72.4167,58.15,81,15,11.43,few clouds,2021-01-24 23:36:33
311,Mucurapo,TT,10.6667,-61.5333,78.8,73,20,5.75,few clouds,2021-01-24 23:39:43
312,Mana,GF,5.6592,-53.7767,76.8,80,83,10.4,broken clouds,2021-01-24 23:39:43
313,Evensk,RU,61.95,159.2333,-18.44,78,3,12.35,clear sky,2021-01-24 23:36:32
314,Ravenna,IT,44.4167,11.9833,39.2,81,4,4.61,clear sky,2021-01-24 23:39:43
315,Katherine,AU,-14.4667,132.2667,78.8,83,75,9.22,broken clouds,2021-01-24 23:37:07
316,Yakima,US,46.4665,-120.6678,32.0,80,90,2.48,light snow,2021-01-24 23:39:44
317,Alta Floresta,BR,-9.8756,-56.0861,75.2,84,85,1.88,overcast clouds,2021-01-24 23:39:44
318,Impfondo,CG,1.6381,18.0667,72.64,83,92,4.23,overcast clouds,2021-01-24 23:39:44
319,Djambala,CG,-2.5447,14.7533,68.5,84,100,3.24,overcast clouds,2021-01-24 23:39:44
320,Pachino,IT,36.7186,15.0907,51.8,82,20,18.41,few clouds,2021-01-24 23:39:44
321,Ancud,CL,-41.8697,-73.8203,62.6,55,75,4.61,broken clouds,2021-01-24 23:39:44
322,Ilulissat,GL,69.2167,-51.1,15.8,41,0,8.05,clear sky,2021-01-24 23:39:45
323,Udimskiy,RU,61.1417,45.9144,33.19,97,100,9.08,overcast clouds,2021-01-24 23:39:45
324,Magan,ES,39.9683,-3.931,48.99,76,95,3.0,overcast clouds,2021-01-24 23:39:45
325,Flin Flon,CA,54.7682,-101.865,-14.8,70,1,8.05,clear sky,2021-01-24 23:39:45
326,Jever,DE,53.5833,7.9,28.4,100,60,3.44,broken clouds,2021-01-24 23:39:45
327,Boguchany,RU,58.3814,97.4531,-6.2,89,100,3.6,overcast clouds,2021-01-24 23:39:46
328,Nome,US,64.5011,-165.4064,15.8,86,90,4.61,mist,2021-01-24 23:37:07
329,Lompoc,US,34.6391,-120.4579,53.6,66,90,11.5,overcast clouds,2021-01-24 23:36:56
330,Kodinsk,RU,58.6881,99.1844,-4.36,90,100,1.12,overcast clouds,2021-01-24 23:39:46
331,Sitka,US,57.0531,-135.33,39.2,81,40,2.06,scattered clouds,2021-01-24 23:39:46
332,Atikokan,CA,48.7555,-91.6216,-5.26,91,98,5.75,overcast clouds,2021-01-24 23:37:12
333,Camopi,GF,3.1655,-52.3158,72.0,98,100,2.24,overcast clouds,2021-01-24 23:39:46
334,Srednekolymsk,RU,67.45,153.6833,-27.78,85,100,7.76,overcast clouds,2021-01-24 23:39:47
335,Vallenar,CL,-28.5708,-70.7581,69.94,50,70,3.69,broken clouds,2021-01-24 23:39:47
336,Port-Gentil,GA,-0.7193,8.7815,80.6,89,40,4.61,scattered clouds,2021-01-24 23:39:47
337,Novominskaya,RU,46.3163,38.9586,34.45,87,100,8.03,overcast clouds,2021-01-24 23:39:47
338,Koutsouras,GR,35.0339,25.9469,62.01,69,67,20.47,broken clouds,2021-01-24 23:39:47
339,Moose Factory,CA,51.2585,-80.6094,1.4,60,90,4.61,overcast clouds,2021-01-24 23:39:47
340,Dossor,KZ,47.5272,52.9811,27.19,98,91,14.88,overcast clouds,2021-01-24 23:39:48
341,Karatau,KZ,43.1667,70.4667,12.04,95,95,0.81,overcast clouds,2021-01-24 23:38:15
342,Mitzic,GA,0.7821,11.549,69.19,97,91,3.33,overcast clouds,2021-01-24 23:39:48
343,Natal,BR,-5.795,-35.2094,77.0,88,40,11.5,scattered clouds,2021-01-24 23:35:59
344,Colares,PT,38.7992,-9.4469,59.0,100,100,17.0,overcast clouds,2021-01-24 23:39:48
345,Melilla,ES,35.2937,-2.9383,62.6,77,0,17.27,clear sky,2021-01-24 23:39:48
346,Malinovoye Ozero,RU,51.6753,79.7825,-29.06,84,37,4.92,scattered clouds,2021-01-24 23:39:48
347,Banamba,ML,13.55,-7.45,68.58,19,0,9.22,clear sky,2021-01-24 23:39:49
348,Preobrazheniye,RU,42.9019,133.9064,31.17,84,0,3.96,clear sky,2021-01-24 23:39:49
349,East Stroudsburg,US,40.9995,-75.1813,28.0,45,100,7.36,overcast clouds,2021-01-24 23:36:53
350,Novaya Igirma,RU,57.1334,103.9112,-6.83,90,100,0.76,overcast clouds,2021-01-24 23:39:49
351,Kismayo,SO,-0.3582,42.5454,77.32,82,89,15.66,overcast clouds,2021-01-24 23:39:49
352,Cairns,AU,-16.9167,145.7667,84.99,61,100,2.3,overcast clouds,2021-01-24 23:39:49
353,Wenatchee,US,47.4235,-120.3103,30.0,86,90,3.44,light snow,2021-01-24 23:39:49
354,Varkkallai,IN,8.7341,76.7067,78.8,73,20,7.81,mist,2021-01-24 23:39:50
355,Maraba,BR,-5.3686,-49.1178,77.0,100,20,2.24,few clouds,2021-01-24 23:39:50
356,Bethel,US,41.3712,-73.414,26.6,31,1,3.44,clear sky,2021-01-24 23:39:50
357,Loten,NO,60.8171,11.3376,25.0,94,59,2.44,broken clouds,2021-01-24 23:39:50
358,Fort Payne,US,34.4442,-85.7197,57.2,51,90,3.44,overcast clouds,2021-01-24 23:39:50
359,Boa Vista,BR,2.8197,-60.6733,82.4,69,40,8.05,scattered clouds,2021-01-24 23:36:23
360,Ponta Delgada,PT,37.7333,-25.6667,64.0,94,75,17.27,broken clouds,2021-01-24 23:37:22
361,Kidal,ML,18.4411,1.4078,62.92,20,1,11.92,clear sky,2021-01-24 23:36:26
362,Atambua,ID,-9.1061,124.8925,76.62,87,99,2.98,overcast clouds,2021-01-24 23:36:27
363,Leningradskaya,RU,46.3214,39.3877,33.8,89,100,7.7,overcast clouds,2021-01-24 23:39:51
364,Bambous Virieux,MU,-20.3428,57.7575,77.0,88,40,3.44,moderate rain,2021-01-24 23:39:51
365,Nyanza,RW,-2.3519,29.7509,66.2,77,75,2.64,broken clouds,2021-01-24 23:39:51
366,Aitape,PG,-3.1374,142.3475,84.04,70,39,2.51,scattered clouds,2021-01-24 23:39:52
367,Puerto Colombia,CO,10.9878,-74.9547,80.6,74,0,13.8,clear sky,2021-01-24 23:39:52
368,Amapa,BR,1.0,-52.0,73.06,96,35,2.82,light rain,2021-01-24 23:39:52
369,Ust-Kuyga,RU,70.0167,135.6,-45.56,76,99,4.79,overcast clouds,2021-01-24 23:39:52
370,Ahipara,NZ,-35.1667,173.1667,72.5,74,27,10.16,scattered clouds,2021-01-24 23:36:21
371,Finschhafen,PG,-6.6024,147.8681,86.23,66,99,9.62,overcast clouds,2021-01-24 23:39:52
372,Bafoulabe,ML,13.8065,-10.8321,72.54,16,4,5.84,clear sky,2021-01-24 23:39:52
373,Banjar,ID,-8.19,114.9675,77.0,94,40,3.44,scattered clouds,2021-01-24 23:39:53
374,College,US,64.8569,-147.8028,9.0,78,90,1.28,light snow,2021-01-24 23:39:53
375,Qaanaaq,GL,77.484,-69.3632,9.14,80,0,5.08,clear sky,2021-01-24 23:39:53
376,Ashtian,IR,34.5217,50.0019,30.02,74,0,5.95,clear sky,2021-01-24 23:39:53
377,Falam,MM,22.9167,93.6833,45.01,56,0,2.24,clear sky,2021-01-24 23:39:53
378,Pringsewu,ID,-5.3582,104.9744,74.48,90,96,0.69,overcast clouds,2021-01-24 23:39:53
379,Zheleznodorozhnyy,RU,55.7503,38.0042,37.4,93,20,6.71,light rain,2021-01-24 23:39:53
380,Zyryanka,RU,65.75,150.85,-27.4,85,100,1.77,overcast clouds,2021-01-24 23:39:54
381,Mumford,GH,5.2618,-0.759,77.97,86,43,7.0,scattered clouds,2021-01-24 23:39:54
382,Qui Nhon,VN,13.7667,109.2333,67.64,81,67,4.72,broken clouds,2021-01-24 23:38:02
383,Mount Isa,AU,-20.7333,139.5,87.8,48,91,8.05,overcast clouds,2021-01-24 23:36:19
384,Uusikaupunki,FI,60.8004,21.4084,32.0,100,90,6.91,light snow,2021-01-24 23:39:54
385,Mecca,SA,21.4267,39.8261,71.69,55,0,3.94,clear sky,2021-01-24 23:36:59
386,Kiunga,PG,-6.1219,141.2906,81.9,73,94,3.36,overcast clouds,2021-01-24 23:39:54
387,Megion,RU,61.0296,76.1136,-49.0,65,90,2.24,smoke,2021-01-24 23:39:55
388,Usinsk,RU,65.9939,57.5281,-6.27,91,100,14.67,light snow,2021-01-24 23:39:55
389,Gazli,UZ,40.1333,63.45,28.87,93,96,14.03,overcast clouds,2021-01-24 23:37:11
390,Caceres,ES,39.522,-6.3748,51.01,93,100,5.99,overcast clouds,2021-01-24 23:36:05
391,Dzilam Gonzalez,MX,21.2833,-88.9333,77.49,74,97,7.23,overcast clouds,2021-01-24 23:39:55
392,Muyezerskiy,RU,63.9333,31.65,34.65,97,100,5.91,light snow,2021-01-24 23:39:55
393,Norman Wells,CA,65.282,-126.8329,-11.2,77,75,4.61,broken clouds,2021-01-24 23:37:03
394,Flinders,AU,-34.5833,150.8552,82.99,74,69,1.99,broken clouds,2021-01-24 23:39:55
395,Oregon City,US,45.3573,-122.6068,39.99,93,90,3.44,light rain,2021-01-24 23:38:57
396,Zuwarah,LY,32.9312,12.082,58.95,55,50,11.25,scattered clouds,2021-01-24 23:39:56
397,Eureka,US,40.8021,-124.1637,46.0,81,100,8.01,overcast clouds,2021-01-24 23:36:37
398,Haines Junction,CA,60.7522,-137.5108,19.4,79,99,6.91,overcast clouds,2021-01-24 23:37:00
399,Vao,NC,-22.6667,167.4833,75.78,77,95,24.52,overcast clouds,2021-01-24 23:39:57
400,Cozumel,MX,20.5083,-86.9458,80.6,74,40,11.5,scattered clouds,2021-01-24 23:39:57
401,Macia,MZ,-25.0269,33.0989,73.51,96,100,6.31,moderate rain,2021-01-24 23:39:57
402,Salalah,OM,17.0151,54.0924,71.6,37,0,9.22,clear sky,2021-01-24 23:34:23
403,Portree,GB,57.4129,-6.1942,37.0,88,89,1.99,overcast clouds,2021-01-24 23:39:57
404,Mareeba,AU,-17.0,145.4333,84.99,61,99,2.3,overcast clouds,2021-01-24 23:39:57
405,Siwana,IN,25.6333,72.4167,48.9,45,0,6.91,clear sky,2021-01-24 23:39:58
406,Mulanje,MW,-16.0316,35.5,72.16,68,100,3.42,overcast clouds,2021-01-24 23:39:58
407,Svirstroy,RU,60.7999,33.7248,34.14,95,100,5.61,overcast clouds,2021-01-24 23:39:58
408,Poronaysk,RU,49.2167,143.1167,-7.73,82,0,5.61,clear sky,2021-01-24 23:39:58
409,Hovd,MN,48.0056,91.6419,1.6,65,84,9.57,broken clouds,2021-01-24 23:39:58
410,Ikryanoye,RU,46.0932,47.7308,32.0,86,75,11.18,broken clouds,2021-01-24 23:39:59
411,Coos Bay,US,43.3665,-124.2179,43.0,81,90,13.8,overcast clouds,2021-01-24 23:35:20
412,Rosetta,EG,31.4044,30.4164,51.8,87,0,2.3,clear sky,2021-01-24 23:39:59
413,Ugoofaaru,MV,5.6667,73.0,81.03,80,79,12.82,broken clouds,2021-01-24 23:39:59
414,Benghazi,LY,32.1167,20.0667,61.5,71,59,12.64,broken clouds,2021-01-24 23:39:59
415,Boca Do Acre,BR,-8.7522,-67.3978,74.77,89,100,1.9,overcast clouds,2021-01-24 23:39:59
416,Lazaro Cardenas,MX,17.9583,-102.2,79.16,71,88,4.94,overcast clouds,2021-01-24 23:40:00
417,Russell,US,32.3502,-85.1999,59.0,72,90,5.75,overcast clouds,2021-01-24 23:36:34
418,Dejen,ET,10.1667,38.1333,52.65,46,60,2.24,broken clouds,2021-01-24 23:40:00
419,Mazagao,BR,-0.115,-51.2894,82.4,89,75,6.91,broken clouds,2021-01-24 23:40:00
420,Aasiaat,GL,68.7098,-52.8699,8.49,82,0,4.29,clear sky,2021-01-24 23:40:00
421,Chaoyang,CN,41.5703,120.4586,21.97,90,62,1.97,broken clouds,2021-01-24 23:40:00
422,Upington,ZA,-28.4478,21.2561,80.6,57,23,5.75,few clouds,2021-01-24 23:40:00
423,Paciran,ID,-6.8767,112.3761,77.14,88,99,9.06,heavy intensity rain,2021-01-24 23:40:01
424,Port Lincoln,AU,-34.7333,135.8667,68.45,82,100,8.3,light rain,2021-01-24 23:40:01
425,Sao Filipe,CV,14.8961,-24.4956,71.71,68,0,3.6,clear sky,2021-01-24 23:36:30
426,Portland,US,45.5234,-122.6762,39.2,87,90,3.44,light rain,2021-01-24 23:32:42
427,Khani,GE,41.9563,42.9566,46.4,34,0,10.36,clear sky,2021-01-24 23:40:01
428,Tymovskoye,RU,50.8456,142.655,-15.12,82,3,4.41,clear sky,2021-01-24 23:36:47
429,Grindavik,IS,63.8424,-22.4338,26.6,74,0,18.41,clear sky,2021-01-24 23:36:42
430,Smoky Lake,CA,54.1169,-112.4686,-5.8,71,100,10.36,overcast clouds,2021-01-24 23:39:03
431,Sanary-Sur-Mer,FR,43.1178,5.8001,53.01,72,54,21.0,broken clouds,2021-01-24 23:40:02
432,Vanimo,PG,-2.6741,141.3028,83.08,76,71,3.65,broken clouds,2021-01-24 23:37:19
433,Salina Cruz,MX,16.1667,-95.2,80.33,63,84,9.8,broken clouds,2021-01-24 23:39:07
434,Yar-Sale,RU,66.8333,70.8333,-32.06,80,100,11.61,overcast clouds,2021-01-24 23:40:04
435,Sungaipenuh,ID,-2.0833,101.3833,65.97,86,98,2.33,overcast clouds,2021-01-24 23:40:04
436,Puerto Escondido,MX,15.85,-97.0667,80.6,78,40,4.34,scattered clouds,2021-01-24 23:36:58
437,Joensuu,FI,62.6012,29.7632,34.0,100,90,8.05,light snow,2021-01-24 23:40:05
438,La Rioja,ES,42.25,-2.5,48.2,76,0,5.75,clear sky,2021-01-24 23:35:59
439,Pushkino,RU,56.0172,37.8667,37.4,87,100,11.18,light rain,2021-01-24 23:40:05
440,Sovetskiy,RU,61.3614,63.5842,-16.69,88,100,5.32,overcast clouds,2021-01-24 23:40:05
441,Manuk Mangkaw,PH,4.8,119.85,82.29,77,100,13.24,overcast clouds,2021-01-24 23:40:05
442,Nemuro,JP,43.3236,145.575,29.17,94,2,12.64,clear sky,2021-01-24 23:37:20
443,Batemans Bay,AU,-35.7167,150.1833,87.01,42,22,9.64,few clouds,2021-01-24 23:40:05
444,Villazon,BO,-22.0866,-65.5942,53.53,69,59,10.51,broken clouds,2021-01-24 23:40:06
445,Norsup,VU,-16.0667,167.3833,83.57,74,90,7.0,moderate rain,2021-01-24 23:37:06
446,Kyaikkami,MM,16.08,97.5675,71.26,72,11,5.61,few clouds,2021-01-24 23:40:06
447,Bunia,CD,1.5667,30.25,67.48,72,88,1.79,overcast clouds,2021-01-24 23:36:50
448,Muros,ES,42.7762,-9.0603,55.99,94,100,5.99,overcast clouds,2021-01-24 23:36:41
449,Sistranda,NO,63.7256,8.834,32.0,86,0,13.8,clear sky,2021-01-24 23:40:06
450,Bilma,NE,18.6853,12.9164,59.34,26,0,8.23,clear sky,2021-01-24 23:40:07
451,Kropotkin,RU,45.4375,40.5756,35.01,83,100,3.24,overcast clouds,2021-01-24 23:40:07
452,Gannan,CN,47.9147,123.5031,-4.86,86,59,10.02,broken clouds,2021-01-24 23:40:07
453,Dunmore Town,BS,25.5,-76.65,72.61,85,51,16.42,broken clouds,2021-01-24 23:40:07
454,Xinyu,CN,27.8043,114.9334,51.89,85,94,7.7,overcast clouds,2021-01-24 23:40:07
455,Roswell,US,34.0232,-84.3616,57.0,54,90,6.91,overcast clouds,2021-01-24 23:33:43
456,Zhigansk,RU,66.7697,123.3711,-56.24,60,59,7.58,broken clouds,2021-01-24 23:37:03
457,Bahir Dar,ET,11.5936,37.3908,64.15,60,69,2.06,broken clouds,2021-01-24 23:40:08
458,Huadian,CN,42.9633,126.7478,21.04,94,0,3.06,clear sky,2021-01-24 23:40:08
459,Vila,PT,42.0304,-8.1588,48.0,95,100,5.01,light rain,2021-01-24 23:36:40
460,Lakatoro,VU,-16.0999,167.4164,83.59,74,90,6.87,heavy intensity rain,2021-01-24 23:40:08
461,Kon Tum,VN,14.35,108.0,64.67,85,10,1.54,clear sky,2021-01-24 23:40:08
462,Sabha,LY,27.0377,14.4283,49.71,47,0,3.87,clear sky,2021-01-24 23:40:08
463,Birao,CF,10.2849,22.7882,73.56,21,41,7.07,scattered clouds,2021-01-24 23:35:59
464,Kavieng,PG,-2.5744,150.7967,84.61,68,58,5.79,broken clouds,2021-01-24 23:35:48
465,Coracao De Maria,BR,-12.2333,-38.75,71.98,88,100,7.34,overcast clouds,2021-01-24 23:40:09
466,Itarema,BR,-2.9248,-39.9167,80.71,77,100,14.03,overcast clouds,2021-01-24 23:37:00
467,Ndende,GA,-2.4008,11.3581,72.36,96,77,1.12,broken clouds,2021-01-24 23:40:09
468,Teberda,RU,43.4456,41.7448,32.22,74,100,9.17,overcast clouds,2021-01-24 23:40:09
469,Mehamn,NO,71.0357,27.8492,22.42,95,98,19.46,light snow,2021-01-24 23:36:31
470,Itaituba,BR,-4.2761,-55.9836,75.18,92,39,2.19,moderate rain,2021-01-24 23:40:09
471,Muli,MV,2.9167,73.5667,81.23,78,100,15.08,overcast clouds,2021-01-24 23:40:10
472,Qaqortoq,GL,60.7167,-46.0333,28.4,29,0,31.07,clear sky,2021-01-24 23:40:10
473,Uvira,CD,-3.4067,29.1458,72.79,69,100,1.45,moderate rain,2021-01-24 23:40:10
474,Simbahan,PH,6.3032,120.5836,81.86,81,59,12.66,broken clouds,2021-01-24 23:40:10
475,Zhangjiakou,CN,40.81,114.8794,23.86,86,100,1.61,overcast clouds,2021-01-24 23:40:10
476,Mercedes,AR,-34.6515,-59.4307,86.0,60,0,1.99,clear sky,2021-01-24 23:40:10
477,Pedernales,DO,18.0384,-71.744,76.71,68,73,2.66,broken clouds,2021-01-24 23:37:13
478,Mazamet,FR,43.49,2.373,46.0,93,90,11.5,light rain,2021-01-24 23:40:11
479,Borba,BR,-4.3878,-59.5939,75.72,96,100,1.1,light rain,2021-01-24 23:40:11
480,Morgan City,US,29.6994,-91.2068,72.0,88,75,8.05,broken clouds,2021-01-24 23:40:11
481,Havoysund,NO,70.9963,24.6622,15.8,73,75,9.22,broken clouds,2021-01-24 23:40:11
482,Salamiyah,SY,35.0113,37.0532,40.33,66,0,3.04,clear sky,2021-01-24 23:40:11
483,Hofn,IS,64.2539,-15.2082,27.1,89,1,22.35,clear sky,2021-01-24 23:36:08
484,Banyo,CM,6.75,11.8167,63.63,33,41,3.53,scattered clouds,2021-01-24 23:40:12
485,Manzanillo,CU,20.3433,-77.1167,76.14,74,20,9.93,few clouds,2021-01-24 23:40:12
486,Kununurra,AU,-15.7667,128.7333,80.6,94,100,3.18,overcast clouds,2021-01-24 23:40:12
487,Soyo,AO,-6.1349,12.3689,78.96,83,100,7.96,overcast clouds,2021-01-24 23:40:12
488,Meulaboh,ID,4.1363,96.1285,76.17,86,94,4.05,overcast clouds,2021-01-24 23:40:12
489,Wick,GB,58.4333,-3.0833,35.6,93,75,13.8,broken clouds,2021-01-24 23:40:12
490,Komsomolskiy,UZ,40.4272,71.7189,24.8,63,7,4.61,clear sky,2021-01-24 23:36:32
491,Rusape,ZW,-18.5278,32.1284,63.5,95,100,9.37,light rain,2021-01-24 23:40:13
492,Wangqing,CN,43.3218,129.7634,20.68,92,0,1.5,clear sky,2021-01-24 23:40:13
493,Kawalu,ID,-7.3817,108.2082,74.05,84,100,2.82,overcast clouds,2021-01-24 23:40:13
494,Fuling,CN,29.7022,107.3919,49.5,89,100,2.28,overcast clouds,2021-01-24 23:40:13
495,Murmashi,RU,68.8154,32.8115,10.4,85,75,2.24,broken clouds,2021-01-24 23:40:13
496,Nanakuli,US,21.3906,-158.1547,82.4,61,1,9.22,clear sky,2021-01-24 23:40:13
497,Boshkengash,TJ,38.4661,68.8053,21.2,86,71,2.24,mist,2021-01-24 23:40:13
498,Morondava,MG,-20.2833,44.2833,78.12,77,100,6.91,overcast clouds,2021-01-24 23:40:14
499,Puerto Asis,CO,0.5133,-76.5007,74.44,94,61,0.25,broken clouds,2021-01-24 23:40:14
500,Cayenne,GF,4.9333,-52.3333,78.8,78,75,3.44,broken clouds,2021-01-24 23:35:56
501,Bodden Town,KY,19.2833,-81.25,80.6,78,20,13.8,few clouds,2021-01-24 23:40:14
502,Kamaishi,JP,39.2667,141.8833,21.2,86,0,6.91,clear sky,2021-01-24 23:36:20
503,Iqaluit,CA,63.7506,-68.5145,-0.4,78,1,6.96,clear sky,2021-01-24 23:36:38
504,Pangnirtung,CA,66.1451,-65.7125,14.04,79,3,3.65,clear sky,2021-01-24 23:40:14
505,Necochea,AR,-38.5473,-58.7368,80.01,58,48,18.84,scattered clouds,2021-01-24 23:37:20
506,Rio Grande,BR,-32.035,-52.0986,75.0,88,1,3.0,clear sky,2021-01-24 23:40:15
507,Hay River,CA,60.8156,-115.7999,-18.4,69,8,3.44,clear sky,2021-01-24 23:40:15
508,Vieste,IT,41.8825,16.175,51.17,68,78,29.26,broken clouds,2021-01-24 23:40:15
509,Scarborough,GB,54.2797,-0.4044,30.0,85,25,9.22,scattered clouds,2021-01-24 23:33:30
510,Riberalta,BO,-10.9833,-66.1,73.63,97,92,1.9,overcast clouds,2021-01-24 23:40:15
511,Loukhi,RU,66.0764,33.0381,22.35,98,95,6.98,light snow,2021-01-24 23:40:15
512,Ponta Pora,BR,-22.5361,-55.7256,68.99,95,100,7.47,moderate rain,2021-01-24 23:40:16
513,Khanpur,PK,28.6453,70.6567,44.44,56,0,3.02,clear sky,2021-01-24 23:40:16
514,Metro,ID,-5.1131,105.3067,75.92,92,99,3.02,overcast clouds,2021-01-24 23:40:16
515,Cumberland,US,35.0502,-78.8664,48.2,34,75,5.75,broken clouds,2021-01-24 23:40:16
516,Severobaykalsk,RU,55.65,109.3167,-1.01,82,100,6.22,overcast clouds,2021-01-24 23:40:16
517,Zhezkazgan,KZ,47.8043,67.7144,-1.79,89,81,3.49,broken clouds,2021-01-24 23:36:18
518,Dong Hoi,VN,17.4833,106.6,66.16,90,3,2.06,clear sky,2021-01-24 23:36:45
519,Elko,US,41.0002,-115.5012,32.0,80,1,13.8,clear sky,2021-01-24 23:40:17
520,Honningsvag,NO,70.9821,25.9704,21.81,93,99,13.89,overcast clouds,2021-01-24 23:40:17
521,Tomelloso,ES,39.1522,-3.0243,42.01,91,89,8.01,overcast clouds,2021-01-24 23:40:17
522,Spokane,US,47.6166,-117.3677,30.2,80,90,3.4,overcast clouds,2021-01-24 23:40:17
523,Rancho Palos Verdes,US,33.7445,-118.387,59.0,62,40,12.66,scattered clouds,2021-01-24 23:40:17
524,Rio Gallegos,AR,-51.6226,-69.2181,57.2,41,40,24.16,light rain,2021-01-24 23:37:12
525,Coahuayana,MX,18.7333,-103.6833,80.6,61,40,6.91,scattered clouds,2021-01-24 23:40:18
526,Benevento,IT,41.2179,14.7464,48.99,77,36,2.8,scattered clouds,2021-01-24 23:37:11
527,Lipin Bor,RU,60.2622,37.9763,34.23,97,100,9.4,light rain,2021-01-24 23:40:18
528,San Jose,US,37.3394,-121.895,51.01,71,90,5.75,moderate rain,2021-01-24 23:40:18
529,Buala,SB,-8.145,159.5921,85.95,57,25,7.11,scattered clouds,2021-01-24 23:40:18
530,Beira,MZ,-19.8436,34.8389,79.45,69,100,8.1,overcast clouds,2021-01-24 23:40:19
531,Kathu,TH,7.9178,98.3332,82.99,100,40,1.14,scattered clouds,2021-01-24 23:40:19
532,Goure,NE,13.9835,10.2704,66.99,13,36,11.01,scattered clouds,2021-01-24 23:40:19
533,Lieksa,FI,63.3167,30.0167,34.38,97,100,4.99,light snow,2021-01-24 23:40:19
534,Bonfim,BR,3.0833,-59.95,80.04,70,41,8.52,scattered clouds,2021-01-24 23:40:19
535,Angoche,MZ,-16.2325,39.9086,77.5,87,100,8.14,overcast clouds,2021-01-24 23:40:19
536,Swan Hill,AU,-35.3378,143.5544,98.69,15,86,22.57,overcast clouds,2021-01-24 23:40:19
537,Dudinka,RU,69.4058,86.1778,-31.85,84,97,4.9,overcast clouds,2021-01-24 23:40:20
538,Ukiah,US,39.1502,-123.2078,44.6,81,90,3.44,overcast clouds,2021-01-24 23:33:43
539,Gat,IL,31.61,34.7642,51.01,100,0,1.99,clear sky,2021-01-24 23:40:20
540,Bontang,ID,0.1333,117.5,76.73,86,100,5.26,overcast clouds,2021-01-24 23:40:08
541,Swan River,CA,52.1058,-101.2676,-14.8,64,15,2.3,few clouds,2021-01-24 23:40:20
542,Prince Rupert,CA,54.3161,-130.3201,39.2,81,75,4.61,broken clouds,2021-01-24 23:40:20
543,Manado,ID,1.487,124.8455,77.0,88,40,1.14,scattered clouds,2021-01-24 23:40:20
544,Mao,ES,39.8885,4.2658,51.8,87,20,8.05,few clouds,2021-01-24 23:36:51
545,Baena,ES,37.6167,-4.3225,48.2,93,0,1.14,clear sky,2021-01-24 23:40:21
546,Inzhavino,RU,52.3185,42.4937,32.07,98,100,14.38,overcast clouds,2021-01-24 23:40:21
547,Hualmay,PE,-11.0964,-77.6139,72.57,75,60,7.14,broken clouds,2021-01-24 23:40:21
548,Rock Sound,BS,24.9,-76.2,73.96,68,6,4.32,clear sky,2021-01-24 23:40:21
549,Oleggio,IT,45.6015,8.6434,37.0,59,0,8.05,clear sky,2021-01-24 23:40:21
550,Albesti,RO,47.7,27.0667,36.0,87,0,9.22,clear sky,2021-01-24 23:40:21
551,Duluth,US,46.7833,-92.1066,12.2,48,1,10.36,clear sky,2021-01-24 23:39:22
552,Trelew,AR,-43.249,-65.3051,73.02,65,3,14.74,clear sky,2021-01-24 23:40:22
553,Oranjemund,NA,-28.55,16.4333,61.61,86,0,11.72,clear sky,2021-01-24 23:40:22
554,Kibala,TD,9.1104,18.3463,71.6,46,0,4.63,clear sky,2021-01-24 23:40:22
555,Buin,CL,-33.7333,-70.75,86.0,41,0,6.91,clear sky,2021-01-24 23:36:50
556,Belyy Yar,RU,53.6039,91.3903,1.4,51,0,6.71,clear sky,2021-01-24 23:40:22
557,Tenkodogo,BF,11.78,-0.3697,72.99,18,30,10.51,scattered clouds,2021-01-24 23:40:23
558,Hami,CN,42.8,93.45,16.97,86,32,7.2,scattered clouds,2021-01-24 23:40:23
559,Penzance,GB,50.1186,-5.5371,36.0,93,40,20.71,scattered clouds,2021-01-24 23:40:23
560,Sumbe,AO,-11.2061,13.8437,74.86,80,2,3.69,clear sky,2021-01-24 23:40:23
561,Byron Bay,AU,-28.65,153.6167,78.8,73,75,3.44,broken clouds,2021-01-24 23:40:23
562,Najran,SA,17.4924,44.1277,50.0,29,38,0.87,scattered clouds,2021-01-24 23:31:44
563,Sobolevo,RU,54.4299,31.8996,36.3,98,100,15.39,light rain,2021-01-24 23:40:24
564,Tela,HN,15.7833,-87.45,82.4,83,75,8.72,broken clouds,2021-01-24 23:40:24
565,Houma,US,29.5958,-90.7195,71.6,94,40,9.22,scattered clouds,2021-01-24 23:36:11
566,Verkhnevilyuysk,RU,63.4453,120.3167,-49.29,75,47,2.91,scattered clouds,2021-01-24 23:37:14
567,Ambon,ID,-3.6954,128.1814,80.6,78,40,9.22,scattered clouds,2021-01-24 23:40:24
568,Zhireken,RU,52.8249,117.3076,-5.03,90,100,13.6,light snow,2021-01-24 23:40:24
569,Carutapera,BR,-1.195,-46.02,77.52,88,100,6.31,very heavy rain,2021-01-24 23:37:07
570,Bubaque,GW,11.2833,-15.8333,78.62,60,11,10.58,few clouds,2021-01-24 23:36:20
571,Antsohihy,MG,-14.8796,47.9875,74.71,93,82,1.81,light rain,2021-01-24 23:40:25
572,Storforshei,NO,66.4043,14.5233,15.8,73,75,2.3,broken clouds,2021-01-24 23:40:25
573,Kamenka,RU,51.3223,42.7678,30.76,98,100,12.84,overcast clouds,2021-01-24 23:40:25
574,Buluang,PH,13.3068,123.3425,78.71,84,3,2.33,clear sky,2021-01-24 23:36:55
575,Northam,GB,51.0333,-4.2167,35.01,82,48,10.0,scattered clouds,2021-01-24 23:40:25
576,Turukhansk,RU,65.8167,87.9833,-39.06,76,7,3.06,clear sky,2021-01-24 23:40:26
577,Sorland,NO,67.667,12.6934,24.8,80,75,4.61,light snow,2021-01-24 23:36:33
578,Shinpokh,PK,34.3292,71.1782,44.6,57,1,4.61,haze,2021-01-24 23:40:26
579,La Palma,US,33.8464,-118.0467,59.0,58,75,11.5,broken clouds,2021-01-24 23:40:26
580,Abay,KZ,49.6311,72.8539,-16.6,76,0,5.66,clear sky,2021-01-24 23:40:26
581,Zhanaozen,KZ,43.3,52.8,29.25,90,0,18.23,clear sky,2021-01-24 23:36:48
582,Borazjan,IR,29.2666,51.2159,54.43,52,0,1.48,clear sky,2021-01-24 23:40:27
583,Kargat,RU,55.1956,80.2811,-43.67,80,52,5.41,broken clouds,2021-01-24 23:40:27
584,Chiman,PK,32.5463,73.8138,46.4,81,0,4.74,smoke,2021-01-24 23:40:27
585,Grand-Santi,GF,4.25,-54.3833,73.15,96,99,2.64,overcast clouds,2021-01-24 23:40:27
586,Seoul,KR,37.5683,126.9778,35.6,93,0,3.44,clear sky,2021-01-24 23:40:07
587,Kelso,US,46.1468,-122.9084,37.99,93,90,8.05,light rain,2021-01-24 23:40:27
588,Kupang,ID,-10.1667,123.5833,75.2,100,75,3.44,broken clouds,2021-01-24 23:40:27
589,Antofagasta,CL,-23.65,-70.4,69.8,68,40,9.22,scattered clouds,2021-01-24 23:40:28
590,Brae,GB,60.3964,-1.353,37.4,81,75,10.36,broken clouds,2021-01-24 23:36:13
591,Manokwari,ID,-0.8667,134.0833,82.56,69,100,4.36,overcast clouds,2021-01-24 23:39:15
592,Wahiawa,US,21.5028,-158.0236,82.4,61,1,9.22,light rain,2021-01-24 23:40:28
593,Kenai,US,60.5544,-151.2583,39.2,80,90,2.13,overcast clouds,2021-01-24 23:40:28
594,Were Ilu,ET,10.6,39.4333,48.76,51,62,5.99,broken clouds,2021-01-24 23:40:28
595,Matagami,CA,49.7502,-77.6328,-9.4,84,75,2.37,broken clouds,2021-01-24 23:37:12
596,Kijang,KR,35.2442,129.2139,44.6,70,40,6.91,scattered clouds,2021-01-24 23:40:29
597,Chateaubelair,VC,13.2833,-61.25,77.0,83,75,12.66,broken clouds,2021-01-24 23:40:29
598,Kalispell,US,48.1958,-114.3129,30.2,55,90,3.44,overcast clouds,2021-01-24 23:40:29
599,Aksu,CN,41.1231,80.2644,14.81,90,0,1.77,clear sky,2021-01-24 23:40:29
600,Ufa,RU,54.775,56.0375,37.4,75,90,11.18,overcast clouds,2021-01-24 23:40:29
601,Nankana Sahib,PK,31.4475,73.6972,44.6,81,0,4.09,smoke,2021-01-24 23:40:30
602,Tahta,EG,26.7693,31.5021,53.6,58,0,5.75,clear sky,2021-01-24 23:40:30
603,Solnechnyy,RU,50.7214,136.6319,-6.74,80,4,0.36,clear sky,2021-01-24 23:40:30
604,Doba,TD,8.65,16.85,72.14,22,19,4.54,few clouds,2021-01-24 23:40:30
605,Gwadar,PK,25.1216,62.3254,62.01,29,0,10.29,clear sky,2021-01-24 23:40:30
606,Tautira,PF,-17.7333,-149.15,86.0,66,20,20.71,light rain,2021-01-24 23:40:30
607,Chotila,IN,22.4167,71.1833,51.84,42,0,8.95,clear sky,2021-01-24 23:40:30
608,Faya,SA,18.3851,42.4509,55.4,43,0,0.67,clear sky,2021-01-24 23:36:47
609,Lyngseidet,NO,69.5763,20.2189,17.6,62,75,11.5,broken clouds,2021-01-24 23:40:31
610,Calvinia,ZA,-31.4707,19.776,64.69,56,0,10.38,clear sky,2021-01-24 23:40:31
611,Rura,IN,26.4833,79.9,50.29,77,0,5.1,clear sky,2021-01-24 23:40:31
612,Dubti,ET,11.7361,41.0853,66.49,56,73,7.36,broken clouds,2021-01-24 23:40:31
613,Ritchie,ZA,-29.038,24.6028,66.2,68,48,9.22,light rain,2021-01-24 23:40:31
614,Marawi,PH,7.9986,124.2928,75.0,88,66,5.01,broken clouds,2021-01-24 23:40:32
615,Gorahun,SL,7.4661,-11.2375,70.92,96,0,1.03,clear sky,2021-01-24 23:40:32
616,Atchison,US,39.563,-95.1216,37.0,70,87,8.84,overcast clouds,2021-01-24 23:40:32
617,Puerto Cabezas,NI,14.0351,-83.3888,80.6,94,40,6.91,scattered clouds,2021-01-24 23:40:32
618,Tandil,AR,-37.3217,-59.1332,87.01,50,10,5.01,clear sky,2021-01-24 23:33:19
619,Birjand,IR,32.8663,59.2211,17.6,17,0,6.91,clear sky,2021-01-24 23:37:05
620,Abu Dhabi,AE,24.4667,54.3667,66.2,72,0,4.61,clear sky,2021-01-24 23:35:39
621,Itanhem,BR,-17.1664,-40.33,71.15,90,95,5.93,overcast clouds,2021-01-24 23:40:33
622,Goderich,CA,43.7501,-81.7165,24.8,86,99,8.05,overcast clouds,2021-01-24 23:40:33
623,Narva-Joesuu,EE,59.4589,28.0408,36.16,96,100,11.41,light rain,2021-01-24 23:40:33
624,Delta Del Tigre,UY,-34.7633,-56.3853,77.0,78,0,13.8,clear sky,2021-01-24 23:40:33
625,Maceio,BR,-9.6658,-35.7353,78.8,78,0,8.05,clear sky,2021-01-24 23:40:33
626,Lively,CA,46.4334,-81.1498,12.0,85,90,4.61,light snow,2021-01-24 23:40:34
627,Rorvik,NO,64.8621,11.2373,36.19,88,99,17.52,moderate rain,2021-01-24 23:40:34
628,Pacific Grove,US,36.6177,-121.9166,52.0,71,90,6.91,light rain,2021-01-24 23:36:12
629,Gamba,GA,-2.65,10.0,77.02,90,80,5.28,moderate rain,2021-01-24 23:40:34
630,Salinopolis,BR,-0.6136,-47.3561,78.15,86,100,10.18,overcast clouds,2021-01-24 23:34:07
631,Fort Nelson,CA,58.8053,-122.7002,3.2,55,90,1.48,light snow,2021-01-24 23:37:03
632,Weihe,CN,32.9952,105.3247,34.34,79,100,8.14,overcast clouds,2021-01-24 23:40:34
633,Oxford,GB,51.7522,-1.256,33.8,93,75,10.36,broken clouds,2021-01-24 23:40:34
634,Langenau,DE,48.4962,10.1185,24.01,73,63,3.91,broken clouds,2021-01-24 23:40:35
635,Kungurtug,RU,50.5994,97.5228,-7.26,84,100,2.15,overcast clouds,2021-01-24 23:40:35
636,Valerianovsk,RU,58.76,59.5522,-4.61,91,100,1.5,overcast clouds,2021-01-24 23:40:35
637,Dongsheng,CN,39.8161,109.9776,19.74,82,85,21.34,overcast clouds,2021-01-24 23:40:35
638,Banff,CA,51.1762,-115.5698,21.2,58,99,6.91,overcast clouds,2021-01-24 23:38:21
639,Itoman,JP,26.1247,127.6694,64.4,82,40,6.91,scattered clouds,2021-01-24 23:36:58
640,Bridlington,GB,54.0831,-0.1919,30.2,80,47,5.75,scattered clouds,2021-01-24 23:40:36
641,Parkes,AU,-33.1333,148.1833,91.99,22,89,1.01,overcast clouds,2021-01-24 23:40:36
642,Pochutla,MX,15.7432,-96.4661,84.2,51,90,3.91,overcast clouds,2021-01-24 23:40:36
643,Lindi,TZ,-10.0,39.7167,72.36,90,83,3.22,broken clouds,2021-01-24 23:40:36
644,Lysyanka,UA,49.2523,30.8295,40.42,96,100,11.95,overcast clouds,2021-01-24 23:40:36
645,Biltine,TD,14.5333,20.9167,69.82,22,1,13.38,clear sky,2021-01-24 23:40:36
646,Kosh-Agach,RU,50.0,88.6667,-24.52,77,47,0.81,scattered clouds,2021-01-24 23:40:37
647,Balkhash,KZ,46.844,74.9804,-6.38,86,3,10.89,clear sky,2021-01-24 23:40:37
648,Falesti,MD,47.5736,27.7092,39.0,98,15,8.01,few clouds,2021-01-24 23:40:37
649,Mmabatho,ZA,-25.85,25.6333,67.3,79,100,24.52,moderate rain,2021-01-24 23:40:37
650,Ukrayinka,UA,47.9167,35.35,35.6,93,75,11.18,light rain,2021-01-24 23:40:37
651,Olafsvik,IS,64.8945,-23.7142,28.31,91,62,29.33,broken clouds,2021-01-24 23:35:48
652,Talaya,RU,61.3833,152.75,-37.01,78,100,3.11,overcast clouds,2021-01-24 23:40:37
653,Launceston,AU,-41.45,147.1667,78.8,38,62,4.61,broken clouds,2021-01-24 23:37:06
654,Vostok,RU,46.4856,135.8833,5.99,93,15,0.65,few clouds,2021-01-24 23:40:38
655,Makubetsu,JP,45.3714,141.8211,18.5,94,42,14.27,scattered clouds,2021-01-24 23:40:38
656,Englewood,US,39.6478,-104.9878,35.01,55,40,4.61,scattered clouds,2021-01-24 23:37:07
657,Petropavlovsk-Kamchatskiy,RU,53.0452,158.6483,-0.4,71,95,6.71,overcast clouds,2021-01-24 23:40:38
658,Chishtian Mandi,PK,29.8,72.8667,47.16,43,0,4.21,clear sky,2021-01-24 23:40:38
659,Funtua,NG,11.5233,7.3081,64.58,25,41,9.08,scattered clouds,2021-01-24 23:40:38
660,Noumea,NC,-22.2763,166.4572,84.2,61,75,16.11,broken clouds,2021-01-24 23:40:39
661,Ipoti,NG,7.8738,5.0769,70.03,30,77,1.95,broken clouds,2021-01-24 23:40:39
662,Bowen,AU,-20.0167,148.2333,82.4,69,75,8.05,broken clouds,2021-01-24 23:40:39
663,Marsh Harbour,BS,26.5412,-77.0636,69.78,84,100,19.1,overcast clouds,2021-01-24 23:37:18
664,Tezu,IN,27.9167,96.1667,57.16,52,35,3.38,scattered clouds,2021-01-24 23:40:39
665,Lubbock,US,33.6001,-101.8338,41.0,93,90,13.8,light intensity drizzle,2021-01-24 23:40:39
666,Melfort,CA,52.8667,-104.6177,-22.0,76,3,3.44,clear sky,2021-01-24 23:40:39
667,Valkeala,FI,60.9401,26.7979,32.0,100,90,6.91,light rain,2021-01-24 23:40:40
668,Aranos,NA,-24.1333,19.1167,79.23,39,92,10.07,overcast clouds,2021-01-24 23:40:40
669,Lingyuan,CN,41.24,119.4011,21.16,89,69,1.59,broken clouds,2021-01-24 23:40:40
670,Nicoya,CR,10.1483,-85.452,87.8,48,0,19.57,clear sky,2021-01-24 23:40:40
671,Yulara,AU,-25.2406,130.9889,84.2,58,5,14.97,clear sky,2021-01-24 23:39:50
672,Ballina,AU,-28.8667,153.5667,78.8,73,75,3.44,broken clouds,2021-01-24 23:40:40
673,Henties Bay,NA,-22.116,14.2845,70.0,88,97,7.85,overcast clouds,2021-01-24 23:40:40
674,Neuquen,AR,-38.9516,-68.0591,93.2,40,0,2.3,clear sky,2021-01-24 23:40:20
675,Tambacounda,SN,13.7539,-13.7586,75.2,20,0,4.61,clear sky,2021-01-24 23:40:41
676,Castanos,MX,26.7833,-101.4167,84.2,28,40,4.36,mist,2021-01-24 23:40:41
677,Benito Juarez,MX,19.385,-99.165,71.6,21,75,9.22,broken clouds,2021-01-24 23:40:41
678,Cap Malheureux,MU,-19.9842,57.6142,75.0,89,12,1.99,few clouds,2021-01-24 23:40:41
679,Hambantota,LK,6.1241,81.1185,73.69,79,97,13.76,overcast clouds,2021-01-24 23:40:41
680,Vrangel,RU,42.7297,133.0839,29.39,86,0,4.43,clear sky,2021-01-24 23:40:42
681,Porbandar,IN,21.6422,69.6093,60.57,31,0,10.42,clear sky,2021-01-24 23:40:42
682,Coihaique,CL,-45.5752,-72.0662,59.0,51,75,11.5,broken clouds,2021-01-24 23:40:42
683,Zhanjiang,CN,21.2815,110.3427,66.02,86,69,12.71,broken clouds,2021-01-24 23:35:44
684,La Union,PE,-5.4,-80.75,79.29,59,100,11.32,overcast clouds,2021-01-24 23:40:42
